congregation,start,end,years,av_nodes,av_edges,nodes,edges,gender assortativity,community assortativity,degree assortativity,community count,average density,path length,clustering,female,male,male-female,male-male,female-female
huegenot-nyc,1688,1802,114,12.2017543859649,37.3070175438596,1391,4253,-0.074344598055434,0.759000380956855,0.017211838148011,20,0.004399298677521,4.697,0.679,690,528,0.251587114977663,0.168351751704679,0.125088173054315
fthunter-anglican,1734,1745,11,68.7272727272727,219.909090909091,756,2419,0.211367128497825,0.882952206734857,-0.029292443939524,18,0.00847612039665,5.942,0.832,259,278,0.148408433236875,0.166597767672592,0.108722612649855
albany-lutheran,1774,1799,25,11.24,25.84,281,646,0.619648038856004,0.945104231749463,-0.032419174750746,16,0.01642094560244,7.994,0.806,133,138,0.290247678018576,0.188854489164087,0.1671826625387
schoharie-lutheran,1731,1757,26,22.3076923076923,64.9615384615385,580,1689,-0.089750306267586,0.800097616874987,0.011424791254747,12,0.010058960157227,4.681,0.676,237,319,0.26761397276495,0.25814091178212,0.130254588513914
drc-albany,1683,1724,41,72.1951219512195,272.853658536585,2960,11187,-0.154792797808649,0.626372086443337,0.013022973338992,23,0.002554506179042,4.209,0.529,1438,1498,0.290631146075451,0.302521008403361,0.111657428929018
detroit-catholic,1761,1786,25,38.36,146.32,959,3658,-0.116705360181545,0.625250614710204,0.065667166858897,19,0.007963235886373,3.892,0.663,445,420,0.266080263881253,0.169048927982408,0.149532710280374
rensl-lutheran,1777,1782,5,114.6,280.2,573,1401,0.520361585142716,0.93753723359678,0.029319223436937,19,0.008549042580456,7.245,0.772,261,278,0.28372591006424,0.178443968593862,0.170592433975732
drc-schoharie,1743,1748,5,26.8,55.8,134,279,0.251603866087687,0.898948105058281,-0.052150750379107,10,0.031309617326899,5.349,0.714,57,66,0.275985663082437,0.218637992831541,0.100358422939068
