,year,year_count,congregation,denomination,density,clustering,gender_assort,degree_assort,mod_assort,male_bridges,female_bridges,male-female,male-male,female-female,male,female,nodes,bridge_pct,network_pct
0,1743,1,drc-schoharie,dutch reformed,0.2545454545454545,0.937,-0.4583333333333334,0.37777777777778004,0.6923076923076922,0,0,0.35714285714285715,0.07142857142857142,0.21428571428571427,5,6,11,0.0,0.5454545454545454
1,1744,2,drc-schoharie,dutch reformed,0.054901960784313725,0.691,-0.23487179487179488,0.09839748389995549,0.8595963394759935,6,2,0.30714285714285716,0.22857142857142856,0.15714285714285714,27,24,51,0.25,0.47058823529411764
2,1745,3,drc-schoharie,dutch reformed,0.03421545041432772,0.7,-0.24724020968239285,-0.05819243566238881,0.8823113374354622,9,5,0.30859375,0.2421875,0.140625,47,40,87,0.35714285714285715,0.45977011494252873
3,1746,4,drc-schoharie,dutch reformed,0.03236413984077535,0.644,-0.25648748841519936,-0.04774270717753775,0.8832152776636482,11,5,0.31016042780748665,0.24598930481283424,0.13368983957219252,59,49,108,0.3125,0.4537037037037037
4,1747,5,drc-schoharie,dutch reformed,0.033379909951870824,0.703,-0.261776061776062,0.006374879232372665,0.8817100771510383,10,4,0.30930232558139537,0.26046511627906976,0.12093023255813953,64,50,114,0.2857142857142857,0.43859649122807015
5,1748,6,drc-schoharie,dutch reformed,0.03130961732689934,0.766,-0.2837423312883434,-0.05215075037910679,0.872452440642973,14,4,0.3118279569892473,0.2724014336917563,0.1039426523297491,75,59,134,0.2222222222222222,0.44029850746268656
6,1749,7,drc-schoharie,dutch reformed,0.03130961732689934,0.75,-0.2837423312883434,-0.05215075037910679,0.872452440642973,14,4,0.3118279569892473,0.2724014336917563,0.1039426523297491,75,59,134,0.2222222222222222,0.44029850746268656
