,year,density
0,1734,0.276190476190476
1,1735,0.060641627543036
2,1736,0.043083900226757
3,1737,0.041157056882159
4,1738,0.02781177750578
5,1739,0.017301038062284
6,1740,0.013171951358109
7,1741,0.011836102965135
8,1742,0.011015382979006
9,1743,0.010381081009507
10,1744,0.009230195094645
