,year,year_count,congregation,denomination,density,clustering,preferential_edges,jacc_edges,gender_assort,male_bridges,female_bridges,male,female,nodes,bridge_pct,network_pct
0,1743,1,drc-schoharie,dutch reformed,0.2545454545454545,0.942,0.0,0.0,-0.4583333333333334,0,0,5,6,11,0.0,1.2
1,1744,2,drc-schoharie,dutch reformed,0.054901960784313725,0.684,0.0,0.0,-0.23487179487179516,6,2,27,24,51,0.3333333333333333,0.8888888888888888
2,1745,3,drc-schoharie,dutch reformed,0.03421545041432772,0.678,0.01,0.0,-0.24724020968239285,9,5,47,40,87,0.5555555555555556,0.851063829787234
3,1746,4,drc-schoharie,dutch reformed,0.03236413984077535,0.645,0.01,0.04,-0.25648748841519936,11,5,59,49,108,0.45454545454545453,0.8305084745762712
4,1747,5,drc-schoharie,dutch reformed,0.033379909951870824,0.642,0.0,0.05,-0.261776061776062,10,4,64,50,114,0.4,0.78125
5,1748,6,drc-schoharie,dutch reformed,0.03130961732689934,0.763,0.0,0.09,-0.2837423312883434,14,4,75,59,134,0.2857142857142857,0.7866666666666666
6,1749,7,drc-schoharie,dutch reformed,0.03130961732689934,0.756,0.0,0.0,-0.2837423312883434,14,4,75,59,134,0.2857142857142857,0.7866666666666666
