{
  "congregation": "drc-schoharie",
  "start": 1743,
  "end": 1748,
  "total nodes": 192,
  "total edges": 361,
  "connected nodes": 134,
  "connected edges": 279,
  "av_nodes": 26,
  "av_edges": 55,
  "components": 14,
  "gender assortativity": -0.2837423312883434,
  "community assortativity": 0.8696994242430877,
  "degree assortativity": -0.05215075037910679,
  "community count": 9,
  "average density": 0.03130961732689934,
  "average degree": 4.164179104477612,
  "path length": 5.541,
  "clustering": 0.743,
  "female": 86,
  "male": 105,
  "male-female": 0.3118279569892473,
  "male-male": 0.2724014336917563,
  "female-female": 0.1039426523297491,
  "giant_percent_nodes": 0.6979166666666666,
  "giant_percent_edges": 0.7728531855955678,
  "degreeseq": [
    1,
    2,
    2,
    2,
    2,
    2,
    2,
    2,
    2,
    2,
    2,
    2,
    2,
    2,
    2,
    2,
    2,
    2,
    2,
    2,
    2,
    2,
    2,
    2,
    2,
    2,
    2,
    2,
    2,
    2,
    2,
    3,
    3,
    3,
    3,
    3,
    3,
    3,
    3,
    3,
    3,
    3,
    3,
    3,
    3,
    3,
    3,
    3,
    3,
    3,
    3,
    3,
    3,
    3,
    3,
    3,
    3,
    3,
    3,
    3,
    3,
    3,
    3,
    3,
    3,
    3,
    3,
    3,
    3,
    3,
    3,
    3,
    3,
    3,
    3,
    3,
    3,
    3,
    3,
    4,
    4,
    4,
    4,
    4,
    4,
    4,
    4,
    4,
    5,
    5,
    5,
    5,
    5,
    5,
    5,
    5,
    5,
    5,
    5,
    5,
    5,
    5,
    5,
    5,
    5,
    6,
    6,
    6,
    6,
    6,
    6,
    6,
    6,
    6,
    6,
    6,
    7,
    7,
    7,
    8,
    8,
    8,
    8,
    8,
    8,
    8,
    9,
    9,
    10,
    11,
    12,
    12,
    13,
    13
  ]
}