{
  "congregation": "albany-lutheran",
  "start": 1784,
  "end": 1799,
  "total nodes": 1842,
  "total edges": 3094,
  "connected nodes": 281,
  "connected edges": 646,
  "av_nodes": 18,
  "av_edges": 43,
  "components": 343,
  "gender assortativity": -0.23404610957890087,
  "community assortativity": 0.9072251090163721,
  "degree assortativity": -0.03241917475074544,
  "community count": 15,
  "average density": 0.016420945602440264,
  "average degree": 4.597864768683274,
  "path length": 7.863,
  "clustering": 0.755,
  "female": 914,
  "male": 924,
  "male-female": 0.30727554179566563,
  "male-male": 0.20588235294117646,
  "female-female": 0.17492260061919504,
  "giant_percent_nodes": 0.15255157437567862,
  "giant_percent_edges": 0.2087912087912088,
  "degreeseq": [
    1,
    1,
    1,
    1,
    2,
    2,
    2,
    3,
    3,
    3,
    3,
    3,
    3,
    3,
    3,
    3,
    3,
    3,
    3,
    3,
    3,
    3,
    3,
    3,
    3,
    3,
    3,
    3,
    3,
    3,
    3,
    3,
    3,
    3,
    3,
    3,
    3,
    3,
    3,
    3,
    3,
    3,
    3,
    3,
    3,
    3,
    3,
    3,
    3,
    3,
    3,
    3,
    3,
    3,
    3,
    3,
    3,
    3,
    3,
    3,
    3,
    3,
    3,
    3,
    3,
    3,
    3,
    3,
    3,
    3,
    3,
    3,
    3,
    3,
    3,
    3,
    3,
    3,
    3,
    3,
    3,
    3,
    3,
    3,
    3,
    3,
    3,
    3,
    3,
    3,
    3,
    3,
    3,
    3,
    3,
    3,
    3,
    3,
    3,
    3,
    3,
    3,
    3,
    3,
    3,
    3,
    3,
    3,
    3,
    3,
    3,
    3,
    3,
    3,
    3,
    3,
    3,
    3,
    3,
    3,
    3,
    3,
    3,
    3,
    3,
    3,
    3,
    3,
    3,
    3,
    3,
    3,
    3,
    3,
    3,
    3,
    3,
    3,
    3,
    3,
    3,
    3,
    3,
    3,
    3,
    3,
    3,
    3,
    3,
    3,
    3,
    3,
    3,
    3,
    3,
    3,
    3,
    3,
    3,
    3,
    3,
    3,
    3,
    3,
    3,
    3,
    3,
    3,
    3,
    3,
    3,
    3,
    4,
    4,
    4,
    4,
    4,
    4,
    4,
    4,
    4,
    4,
    4,
    4,
    4,
    5,
    5,
    5,
    5,
    5,
    5,
    5,
    5,
    5,
    5,
    5,
    5,
    5,
    5,
    5,
    5,
    5,
    5,
    5,
    5,
    5,
    5,
    5,
    5,
    5,
    5,
    5,
    5,
    5,
    5,
    6,
    6,
    6,
    6,
    6,
    6,
    6,
    6,
    6,
    6,
    6,
    6,
    6,
    6,
    6,
    6,
    7,
    7,
    7,
    7,
    7,
    7,
    7,
    7,
    7,
    7,
    7,
    7,
    8,
    8,
    8,
    8,
    8,
    8,
    9,
    9,
    9,
    9,
    9,
    9,
    9,
    9,
    9,
    9,
    10,
    10,
    10,
    10,
    11,
    11,
    11,
    11,
    11,
    12,
    12,
    12,
    12,
    13,
    13,
    13,
    13,
    13,
    13,
    14,
    14,
    18
  ]
}