,year,density
12,1786,0.357142857142857
13,1787,0.20952380952381
14,1788,0.068599033816425
15,1789,0.051824431517716
16,1790,0.037292025243833
17,1791,0.032017543859649
18,1792,0.027114647804303
19,1793,0.024464145438223
20,1794,0.022789817681459
21,1795,0.020397033158813
22,1796,0.019498984427894
23,1797,0.018137035378415
24,1798,0.017378756509191
