,year,density
0,1777,0.038461538461538464
1,1778,0.014577114427860697
2,1779,0.010046212577858147
3,1780,0.009987279757181899
4,1781,0.008985640752143382
5,1782,0.008549042580456193
6,1783,0.008549042580456193
