,year,year_count,congregation,denomination,density,clustering,preferential_edges,jacc_edges,gender_assort,male_bridges,female_bridges,male,female,nodes,bridge_pct,network_pct
0,1777,1,rensl-lutheran,lutheran,0.038461538461538464,0.682,0.0,0.0,-0.20075046904315177,0,2,32,33,65,0.0,1.03125
1,1778,2,rensl-lutheran,lutheran,0.014577114427860697,0.621,0.0,0.02,-0.21514445479962735,11,7,96,105,201,0.6363636363636364,1.09375
2,1779,3,rensl-lutheran,lutheran,0.010046212577858147,0.687,0.0,0.03,-0.20799999999999996,18,17,157,159,316,0.9444444444444444,1.0127388535031847
3,1780,4,rensl-lutheran,lutheran,0.009987279757181899,0.695,0.03,0.22,-0.2136197502855666,22,24,204,194,399,1.0909090909090908,0.9509803921568627
4,1781,5,rensl-lutheran,lutheran,0.008985640752143382,0.75,0.0,0.17,-0.23054190450150053,25,28,253,244,498,1.12,0.9644268774703557
5,1782,6,rensl-lutheran,lutheran,0.008549042580456193,0.755,0.03,0.18,-0.24222650079541125,27,24,294,278,573,0.8888888888888888,0.9455782312925171
6,1783,7,rensl-lutheran,lutheran,0.008549042580456193,0.771,0.0,0.0,-0.24222650079541125,27,24,294,278,573,0.8888888888888888,0.9455782312925171
